"34", "1", "9.0E-5", "1", "34", "70858", "70858", "09", "2022", "1", "Cashback earnings earning from level 1, from user ID 34 and nodeId 70858 to nodeId 70858 and to userId 34 for September, 2022", "2"
"34", "1", "9.0E-5", "1", "34", "70859", "70859", "09", "2022", "1", "Cashback earnings earning from level 1, from user ID 34 and nodeId 70859 to nodeId 70859 and to userId 34 for September, 2022", "2"
"34", "1", "9.0E-5", "1", "34", "70860", "70860", "09", "2022", "1", "Cashback earnings earning from level 1, from user ID 34 and nodeId 70860 to nodeId 70860 and to userId 34 for September, 2022", "2"
"34", "1", "9.0E-5", "1", "34", "70861", "70861", "09", "2022", "1", "Cashback earnings earning from level 1, from user ID 34 and nodeId 70861 to nodeId 70861 and to userId 34 for September, 2022", "2"
"34", "1", "9.0E-5", "1", "34", "70862", "70862", "09", "2022", "1", "Cashback earnings earning from level 1, from user ID 34 and nodeId 70862 to nodeId 70862 and to userId 34 for September, 2022", "2"
"34", "1", "9.0E-5", "1", "34", "70863", "70863", "09", "2022", "1", "Cashback earnings earning from level 1, from user ID 34 and nodeId 70863 to nodeId 70863 and to userId 34 for September, 2022", "2"
"34", "1", "9.0E-5", "1", "34", "70864", "70864", "09", "2022", "1", "Cashback earnings earning from level 1, from user ID 34 and nodeId 70864 to nodeId 70864 and to userId 34 for September, 2022", "2"
"34", "1", "9.0E-5", "1", "34", "70865", "70865", "09", "2022", "1", "Cashback earnings earning from level 1, from user ID 34 and nodeId 70865 to nodeId 70865 and to userId 34 for September, 2022", "2"
"34", "1", "9.0E-5", "1", "34", "70866", "70866", "09", "2022", "1", "Cashback earnings earning from level 1, from user ID 34 and nodeId 70866 to nodeId 70866 and to userId 34 for September, 2022", "2"
"34", "1", "9.0E-5", "1", "34", "70867", "70867", "09", "2022", "1", "Cashback earnings earning from level 1, from user ID 34 and nodeId 70867 to nodeId 70867 and to userId 34 for September, 2022", "2"
"34", "1", "9.0E-5", "1", "34", "70868", "70868", "09", "2022", "1", "Cashback earnings earning from level 1, from user ID 34 and nodeId 70868 to nodeId 70868 and to userId 34 for September, 2022", "2"
"34", "1", "9.0E-5", "1", "34", "70869", "70869", "09", "2022", "1", "Cashback earnings earning from level 1, from user ID 34 and nodeId 70869 to nodeId 70869 and to userId 34 for September, 2022", "2"
"34", "1", "9.0E-5", "1", "34", "70870", "70870", "09", "2022", "1", "Cashback earnings earning from level 1, from user ID 34 and nodeId 70870 to nodeId 70870 and to userId 34 for September, 2022", "2"
"34", "1", "9.0E-5", "1", "34", "70871", "70871", "09", "2022", "1", "Cashback earnings earning from level 1, from user ID 34 and nodeId 70871 to nodeId 70871 and to userId 34 for September, 2022", "2"
"34", "1", "9.0E-5", "1", "34", "70872", "70872", "09", "2022", "1", "Cashback earnings earning from level 1, from user ID 34 and nodeId 70872 to nodeId 70872 and to userId 34 for September, 2022", "2"
"34", "1", "9.0E-5", "1", "34", "70873", "70873", "09", "2022", "1", "Cashback earnings earning from level 1, from user ID 34 and nodeId 70873 to nodeId 70873 and to userId 34 for September, 2022", "2"
"34", "1", "9.0E-5", "1", "34", "70874", "70874", "09", "2022", "1", "Cashback earnings earning from level 1, from user ID 34 and nodeId 70874 to nodeId 70874 and to userId 34 for September, 2022", "2"
"34", "1", "9.0E-5", "1", "34", "70875", "70875", "09", "2022", "1", "Cashback earnings earning from level 1, from user ID 34 and nodeId 70875 to nodeId 70875 and to userId 34 for September, 2022", "2"
"34", "1", "9.0E-5", "1", "34", "70876", "70876", "09", "2022", "1", "Cashback earnings earning from level 1, from user ID 34 and nodeId 70876 to nodeId 70876 and to userId 34 for September, 2022", "2"
"34", "1", "9.0E-5", "1", "34", "70877", "70877", "09", "2022", "1", "Cashback earnings earning from level 1, from user ID 34 and nodeId 70877 to nodeId 70877 and to userId 34 for September, 2022", "2"
"34", "1", "9.0E-5", "1", "34", "70878", "70878", "09", "2022", "1", "Cashback earnings earning from level 1, from user ID 34 and nodeId 70878 to nodeId 70878 and to userId 34 for September, 2022", "2"
"34", "1", "9.0E-5", "1", "34", "70879", "70879", "09", "2022", "1", "Cashback earnings earning from level 1, from user ID 34 and nodeId 70879 to nodeId 70879 and to userId 34 for September, 2022", "2"
"34", "1", "9.0E-5", "1", "34", "70880", "70880", "09", "2022", "1", "Cashback earnings earning from level 1, from user ID 34 and nodeId 70880 to nodeId 70880 and to userId 34 for September, 2022", "2"
"34", "1", "9.0E-5", "1", "34", "70881", "70881", "09", "2022", "1", "Cashback earnings earning from level 1, from user ID 34 and nodeId 70881 to nodeId 70881 and to userId 34 for September, 2022", "2"
"8", "1", "0.00079", "11", "141", "70882", "297", "09", "2022", "1", "Cashback earnings earning from level 11, from user ID 141 and nodeId 70882 to nodeId 297 and to userId 8 for September, 2022", "2"
"8", "1", "0.00073", "10", "141", "70882", "298", "09", "2022", "1", "Cashback earnings earning from level 10, from user ID 141 and nodeId 70882 to nodeId 298 and to userId 8 for September, 2022", "2"
"8", "1", "0.00067", "9", "141", "70882", "300", "09", "2022", "1", "Cashback earnings earning from level 9, from user ID 141 and nodeId 70882 to nodeId 300 and to userId 8 for September, 2022", "2"
"8", "1", "0.00061", "8", "141", "70882", "304", "09", "2022", "1", "Cashback earnings earning from level 8, from user ID 141 and nodeId 70882 to nodeId 304 and to userId 8 for September, 2022", "2"
"8", "1", "0.00055", "7", "141", "70882", "312", "09", "2022", "1", "Cashback earnings earning from level 7, from user ID 141 and nodeId 70882 to nodeId 312 and to userId 8 for September, 2022", "2"
"8", "1", "0.00048", "6", "141", "70882", "328", "09", "2022", "1", "Cashback earnings earning from level 6, from user ID 141 and nodeId 70882 to nodeId 328 and to userId 8 for September, 2022", "2"
"8", "1", "0.00042", "5", "141", "70882", "360", "09", "2022", "1", "Cashback earnings earning from level 5, from user ID 141 and nodeId 70882 to nodeId 360 and to userId 8 for September, 2022", "2"
"8", "1", "0.00036", "4", "141", "70882", "424", "09", "2022", "1", "Cashback earnings earning from level 4, from user ID 141 and nodeId 70882 to nodeId 424 and to userId 8 for September, 2022", "2"
"8", "1", "0.00018", "2", "141", "70882", "553", "09", "2022", "1", "Cashback earnings earning from level 2, from user ID 141 and nodeId 70882 to nodeId 553 and to userId 8 for September, 2022", "2"
"141", "1", "0.00012", "1", "141", "70882", "70882", "09", "2022", "1", "Cashback earnings earning from level 1, from user ID 141 and nodeId 70882 to nodeId 70882 and to userId 141 for September, 2022", "2"
"8", "1", "0.00079", "11", "141", "70883", "297", "09", "2022", "1", "Cashback earnings earning from level 11, from user ID 141 and nodeId 70883 to nodeId 297 and to userId 8 for September, 2022", "2"
"8", "1", "0.00073", "10", "141", "70883", "298", "09", "2022", "1", "Cashback earnings earning from level 10, from user ID 141 and nodeId 70883 to nodeId 298 and to userId 8 for September, 2022", "2"
"8", "1", "0.00067", "9", "141", "70883", "300", "09", "2022", "1", "Cashback earnings earning from level 9, from user ID 141 and nodeId 70883 to nodeId 300 and to userId 8 for September, 2022", "2"
"8", "1", "0.00061", "8", "141", "70883", "304", "09", "2022", "1", "Cashback earnings earning from level 8, from user ID 141 and nodeId 70883 to nodeId 304 and to userId 8 for September, 2022", "2"
"8", "1", "0.00055", "7", "141", "70883", "312", "09", "2022", "1", "Cashback earnings earning from level 7, from user ID 141 and nodeId 70883 to nodeId 312 and to userId 8 for September, 2022", "2"
"8", "1", "0.00048", "6", "141", "70883", "328", "09", "2022", "1", "Cashback earnings earning from level 6, from user ID 141 and nodeId 70883 to nodeId 328 and to userId 8 for September, 2022", "2"
"8", "1", "0.00042", "5", "141", "70883", "360", "09", "2022", "1", "Cashback earnings earning from level 5, from user ID 141 and nodeId 70883 to nodeId 360 and to userId 8 for September, 2022", "2"
"8", "1", "0.0003", "3", "141", "70883", "425", "09", "2022", "1", "Cashback earnings earning from level 3, from user ID 141 and nodeId 70883 to nodeId 425 and to userId 8 for September, 2022", "2"
"8", "1", "0.00018", "2", "141", "70883", "554", "09", "2022", "1", "Cashback earnings earning from level 2, from user ID 141 and nodeId 70883 to nodeId 554 and to userId 8 for September, 2022", "2"
"141", "1", "0.00012", "1", "141", "70883", "70883", "09", "2022", "1", "Cashback earnings earning from level 1, from user ID 141 and nodeId 70883 to nodeId 70883 and to userId 141 for September, 2022", "2"
"8", "1", "0.00079", "11", "141", "70884", "297", "09", "2022", "1", "Cashback earnings earning from level 11, from user ID 141 and nodeId 70884 to nodeId 297 and to userId 8 for September, 2022", "2"
"8", "1", "0.00073", "10", "141", "70884", "298", "09", "2022", "1", "Cashback earnings earning from level 10, from user ID 141 and nodeId 70884 to nodeId 298 and to userId 8 for September, 2022", "2"
"8", "1", "0.00067", "9", "141", "70884", "300", "09", "2022", "1", "Cashback earnings earning from level 9, from user ID 141 and nodeId 70884 to nodeId 300 and to userId 8 for September, 2022", "2"
"8", "1", "0.00061", "8", "141", "70884", "304", "09", "2022", "1", "Cashback earnings earning from level 8, from user ID 141 and nodeId 70884 to nodeId 304 and to userId 8 for September, 2022", "2"
"8", "1", "0.00055", "7", "141", "70884", "312", "09", "2022", "1", "Cashback earnings earning from level 7, from user ID 141 and nodeId 70884 to nodeId 312 and to userId 8 for September, 2022", "2"
"8", "1", "0.00048", "6", "141", "70884", "328", "09", "2022", "1", "Cashback earnings earning from level 6, from user ID 141 and nodeId 70884 to nodeId 328 and to userId 8 for September, 2022", "2"
"8", "1", "0.00036", "4", "141", "70884", "361", "09", "2022", "1", "Cashback earnings earning from level 4, from user ID 141 and nodeId 70884 to nodeId 361 and to userId 8 for September, 2022", "2"
"8", "1", "0.0003", "3", "141", "70884", "426", "09", "2022", "1", "Cashback earnings earning from level 3, from user ID 141 and nodeId 70884 to nodeId 426 and to userId 8 for September, 2022", "2"
"8", "1", "0.00018", "2", "141", "70884", "556", "09", "2022", "1", "Cashback earnings earning from level 2, from user ID 141 and nodeId 70884 to nodeId 556 and to userId 8 for September, 2022", "2"
"141", "1", "0.00012", "1", "141", "70884", "70884", "09", "2022", "1", "Cashback earnings earning from level 1, from user ID 141 and nodeId 70884 to nodeId 70884 and to userId 141 for September, 2022", "2"
"8", "1", "0.00079", "11", "141", "70885", "297", "09", "2022", "1", "Cashback earnings earning from level 11, from user ID 141 and nodeId 70885 to nodeId 297 and to userId 8 for September, 2022", "2"
"8", "1", "0.00073", "10", "141", "70885", "298", "09", "2022", "1", "Cashback earnings earning from level 10, from user ID 141 and nodeId 70885 to nodeId 298 and to userId 8 for September, 2022", "2"
"8", "1", "0.00067", "9", "141", "70885", "300", "09", "2022", "1", "Cashback earnings earning from level 9, from user ID 141 and nodeId 70885 to nodeId 300 and to userId 8 for September, 2022", "2"
"8", "1", "0.00061", "8", "141", "70885", "304", "09", "2022", "1", "Cashback earnings earning from level 8, from user ID 141 and nodeId 70885 to nodeId 304 and to userId 8 for September, 2022", "2"
"8", "1", "0.00055", "7", "141", "70885", "312", "09", "2022", "1", "Cashback earnings earning from level 7, from user ID 141 and nodeId 70885 to nodeId 312 and to userId 8 for September, 2022", "2"
"8", "1", "0.00042", "5", "141", "70885", "329", "09", "2022", "1", "Cashback earnings earning from level 5, from user ID 141 and nodeId 70885 to nodeId 329 and to userId 8 for September, 2022", "2"
"8", "1", "0.00036", "4", "141", "70885", "362", "09", "2022", "1", "Cashback earnings earning from level 4, from user ID 141 and nodeId 70885 to nodeId 362 and to userId 8 for September, 2022", "2"
"8", "1", "0.0003", "3", "141", "70885", "428", "09", "2022", "1", "Cashback earnings earning from level 3, from user ID 141 and nodeId 70885 to nodeId 428 and to userId 8 for September, 2022", "2"
"8", "1", "0.00018", "2", "141", "70885", "560", "09", "2022", "1", "Cashback earnings earning from level 2, from user ID 141 and nodeId 70885 to nodeId 560 and to userId 8 for September, 2022", "2"
"141", "1", "0.00012", "1", "141", "70885", "70885", "09", "2022", "1", "Cashback earnings earning from level 1, from user ID 141 and nodeId 70885 to nodeId 70885 and to userId 141 for September, 2022", "2"
"8", "1", "0.00079", "11", "141", "70886", "297", "09", "2022", "1", "Cashback earnings earning from level 11, from user ID 141 and nodeId 70886 to nodeId 297 and to userId 8 for September, 2022", "2"
"8", "1", "0.00073", "10", "141", "70886", "298", "09", "2022", "1", "Cashback earnings earning from level 10, from user ID 141 and nodeId 70886 to nodeId 298 and to userId 8 for September, 2022", "2"
"8", "1", "0.00067", "9", "141", "70886", "300", "09", "2022", "1", "Cashback earnings earning from level 9, from user ID 141 and nodeId 70886 to nodeId 300 and to userId 8 for September, 2022", "2"
"8", "1", "0.00061", "8", "141", "70886", "304", "09", "2022", "1", "Cashback earnings earning from level 8, from user ID 141 and nodeId 70886 to nodeId 304 and to userId 8 for September, 2022", "2"
"8", "1", "0.00048", "6", "141", "70886", "313", "09", "2022", "1", "Cashback earnings earning from level 6, from user ID 141 and nodeId 70886 to nodeId 313 and to userId 8 for September, 2022", "2"
"8", "1", "0.00042", "5", "141", "70886", "330", "09", "2022", "1", "Cashback earnings earning from level 5, from user ID 141 and nodeId 70886 to nodeId 330 and to userId 8 for September, 2022", "2"
"8", "1", "0.00036", "4", "141", "70886", "364", "09", "2022", "1", "Cashback earnings earning from level 4, from user ID 141 and nodeId 70886 to nodeId 364 and to userId 8 for September, 2022", "2"
"8", "1", "0.0003", "3", "141", "70886", "432", "09", "2022", "1", "Cashback earnings earning from level 3, from user ID 141 and nodeId 70886 to nodeId 432 and to userId 8 for September, 2022", "2"
"8", "1", "0.00018", "2", "141", "70886", "568", "09", "2022", "1", "Cashback earnings earning from level 2, from user ID 141 and nodeId 70886 to nodeId 568 and to userId 8 for September, 2022", "2"
"141", "1", "0.00012", "1", "141", "70886", "70886", "09", "2022", "1", "Cashback earnings earning from level 1, from user ID 141 and nodeId 70886 to nodeId 70886 and to userId 141 for September, 2022", "2"
"8", "1", "0.00079", "11", "141", "70887", "297", "09", "2022", "1", "Cashback earnings earning from level 11, from user ID 141 and nodeId 70887 to nodeId 297 and to userId 8 for September, 2022", "2"
"8", "1", "0.00073", "10", "141", "70887", "298", "09", "2022", "1", "Cashback earnings earning from level 10, from user ID 141 and nodeId 70887 to nodeId 298 and to userId 8 for September, 2022", "2"
"8", "1", "0.00067", "9", "141", "70887", "300", "09", "2022", "1", "Cashback earnings earning from level 9, from user ID 141 and nodeId 70887 to nodeId 300 and to userId 8 for September, 2022", "2"
"8", "1", "0.00055", "7", "141", "70887", "305", "09", "2022", "1", "Cashback earnings earning from level 7, from user ID 141 and nodeId 70887 to nodeId 305 and to userId 8 for September, 2022", "2"
"8", "1", "0.00048", "6", "141", "70887", "314", "09", "2022", "1", "Cashback earnings earning from level 6, from user ID 141 and nodeId 70887 to nodeId 314 and to userId 8 for September, 2022", "2"
"8", "1", "0.00042", "5", "141", "70887", "332", "09", "2022", "1", "Cashback earnings earning from level 5, from user ID 141 and nodeId 70887 to nodeId 332 and to userId 8 for September, 2022", "2"
"8", "1", "0.00036", "4", "141", "70887", "368", "09", "2022", "1", "Cashback earnings earning from level 4, from user ID 141 and nodeId 70887 to nodeId 368 and to userId 8 for September, 2022", "2"
"8", "1", "0.0003", "3", "141", "70887", "440", "09", "2022", "1", "Cashback earnings earning from level 3, from user ID 141 and nodeId 70887 to nodeId 440 and to userId 8 for September, 2022", "2"
"8", "1", "0.00018", "2", "141", "70887", "584", "09", "2022", "1", "Cashback earnings earning from level 2, from user ID 141 and nodeId 70887 to nodeId 584 and to userId 8 for September, 2022", "2"
"141", "1", "0.00012", "1", "141", "70887", "70887", "09", "2022", "1", "Cashback earnings earning from level 1, from user ID 141 and nodeId 70887 to nodeId 70887 and to userId 141 for September, 2022", "2"
"8", "1", "0.00079", "11", "141", "70888", "297", "09", "2022", "1", "Cashback earnings earning from level 11, from user ID 141 and nodeId 70888 to nodeId 297 and to userId 8 for September, 2022", "2"
"8", "1", "0.00073", "10", "141", "70888", "298", "09", "2022", "1", "Cashback earnings earning from level 10, from user ID 141 and nodeId 70888 to nodeId 298 and to userId 8 for September, 2022", "2"
"8", "1", "0.00067", "9", "141", "70888", "300", "09", "2022", "1", "Cashback earnings earning from level 9, from user ID 141 and nodeId 70888 to nodeId 300 and to userId 8 for September, 2022", "2"
"8", "1", "0.00055", "7", "141", "70888", "305", "09", "2022", "1", "Cashback earnings earning from level 7, from user ID 141 and nodeId 70888 to nodeId 305 and to userId 8 for September, 2022", "2"
"8", "1", "0.00042", "5", "141", "70888", "315", "09", "2022", "1", "Cashback earnings earning from level 5, from user ID 141 and nodeId 70888 to nodeId 315 and to userId 8 for September, 2022", "2"
"8", "1", "0.00036", "4", "141", "70888", "334", "09", "2022", "1", "Cashback earnings earning from level 4, from user ID 141 and nodeId 70888 to nodeId 334 and to userId 8 for September, 2022", "2"
"8", "1", "0.0003", "3", "141", "70888", "372", "09", "2022", "1", "Cashback earnings earning from level 3, from user ID 141 and nodeId 70888 to nodeId 372 and to userId 8 for September, 2022", "2"
"8", "1", "0.00018", "2", "141", "70888", "448", "09", "2022", "1", "Cashback earnings earning from level 2, from user ID 141 and nodeId 70888 to nodeId 448 and to userId 8 for September, 2022", "2"
"141", "1", "0.00012", "1", "141", "70888", "70888", "09", "2022", "1", "Cashback earnings earning from level 1, from user ID 141 and nodeId 70888 to nodeId 70888 and to userId 141 for September, 2022", "2"
"8", "1", "0.00079", "11", "141", "70889", "297", "09", "2022", "1", "Cashback earnings earning from level 11, from user ID 141 and nodeId 70889 to nodeId 297 and to userId 8 for September, 2022", "2"
"8", "1", "0.00073", "10", "141", "70889", "298", "09", "2022", "1", "Cashback earnings earning from level 10, from user ID 141 and nodeId 70889 to nodeId 298 and to userId 8 for September, 2022", "2"
"8", "1", "0.00061", "8", "141", "70889", "301", "09", "2022", "1", "Cashback earnings earning from level 8, from user ID 141 and nodeId 70889 to nodeId 301 and to userId 8 for September, 2022", "2"
"8", "1", "0.00055", "7", "141", "70889", "306", "09", "2022", "1", "Cashback earnings earning from level 7, from user ID 141 and nodeId 70889 to nodeId 306 and to userId 8 for September, 2022", "2"
"8", "1", "0.00048", "6", "141", "70889", "316", "09", "2022", "1", "Cashback earnings earning from level 6, from user ID 141 and nodeId 70889 to nodeId 316 and to userId 8 for September, 2022", "2"
"8", "1", "0.00042", "5", "141", "70889", "336", "09", "2022", "1", "Cashback earnings earning from level 5, from user ID 141 and nodeId 70889 to nodeId 336 and to userId 8 for September, 2022", "2"
"8", "1", "0.00036", "4", "141", "70889", "376", "09", "2022", "1", "Cashback earnings earning from level 4, from user ID 141 and nodeId 70889 to nodeId 376 and to userId 8 for September, 2022", "2"
"8", "1", "0.0003", "3", "141", "70889", "456", "09", "2022", "1", "Cashback earnings earning from level 3, from user ID 141 and nodeId 70889 to nodeId 456 and to userId 8 for September, 2022", "2"
"141", "1", "0.00012", "1", "141", "70889", "70889", "09", "2022", "1", "Cashback earnings earning from level 1, from user ID 141 and nodeId 70889 to nodeId 70889 and to userId 141 for September, 2022", "2"
"8", "1", "0.00079", "11", "141", "70890", "297", "09", "2022", "1", "Cashback earnings earning from level 11, from user ID 141 and nodeId 70890 to nodeId 297 and to userId 8 for September, 2022", "2"
"8", "1", "0.00073", "10", "141", "70890", "298", "09", "2022", "1", "Cashback earnings earning from level 10, from user ID 141 and nodeId 70890 to nodeId 298 and to userId 8 for September, 2022", "2"
"8", "1", "0.00061", "8", "141", "70890", "301", "09", "2022", "1", "Cashback earnings earning from level 8, from user ID 141 and nodeId 70890 to nodeId 301 and to userId 8 for September, 2022", "2"
"8", "1", "0.00055", "7", "141", "70890", "306", "09", "2022", "1", "Cashback earnings earning from level 7, from user ID 141 and nodeId 70890 to nodeId 306 and to userId 8 for September, 2022", "2"
"8", "1", "0.00048", "6", "141", "70890", "316", "09", "2022", "1", "Cashback earnings earning from level 6, from user ID 141 and nodeId 70890 to nodeId 316 and to userId 8 for September, 2022", "2"
"8", "1", "0.00042", "5", "141", "70890", "336", "09", "2022", "1", "Cashback earnings earning from level 5, from user ID 141 and nodeId 70890 to nodeId 336 and to userId 8 for September, 2022", "2"
"8", "1", "0.00036", "4", "141", "70890", "376", "09", "2022", "1", "Cashback earnings earning from level 4, from user ID 141 and nodeId 70890 to nodeId 376 and to userId 8 for September, 2022", "2"
"8", "1", "0.00018", "2", "141", "70890", "457", "09", "2022", "1", "Cashback earnings earning from level 2, from user ID 141 and nodeId 70890 to nodeId 457 and to userId 8 for September, 2022", "2"
"141", "1", "0.00012", "1", "141", "70890", "70890", "09", "2022", "1", "Cashback earnings earning from level 1, from user ID 141 and nodeId 70890 to nodeId 70890 and to userId 141 for September, 2022", "2"
"8", "1", "0.00079", "11", "141", "70891", "297", "09", "2022", "1", "Cashback earnings earning from level 11, from user ID 141 and nodeId 70891 to nodeId 297 and to userId 8 for September, 2022", "2"
"8", "1", "0.00073", "10", "141", "70891", "298", "09", "2022", "1", "Cashback earnings earning from level 10, from user ID 141 and nodeId 70891 to nodeId 298 and to userId 8 for September, 2022", "2"
"8", "1", "0.00061", "8", "141", "70891", "301", "09", "2022", "1", "Cashback earnings earning from level 8, from user ID 141 and nodeId 70891 to nodeId 301 and to userId 8 for September, 2022", "2"
"8", "1", "0.00055", "7", "141", "70891", "306", "09", "2022", "1", "Cashback earnings earning from level 7, from user ID 141 and nodeId 70891 to nodeId 306 and to userId 8 for September, 2022", "2"
"8", "1", "0.00048", "6", "141", "70891", "316", "09", "2022", "1", "Cashback earnings earning from level 6, from user ID 141 and nodeId 70891 to nodeId 316 and to userId 8 for September, 2022", "2"
"8", "1", "0.00042", "5", "141", "70891", "336", "09", "2022", "1", "Cashback earnings earning from level 5, from user ID 141 and nodeId 70891 to nodeId 336 and to userId 8 for September, 2022", "2"
"8", "1", "0.0003", "3", "141", "70891", "377", "09", "2022", "1", "Cashback earnings earning from level 3, from user ID 141 and nodeId 70891 to nodeId 377 and to userId 8 for September, 2022", "2"
"8", "1", "0.00018", "2", "141", "70891", "458", "09", "2022", "1", "Cashback earnings earning from level 2, from user ID 141 and nodeId 70891 to nodeId 458 and to userId 8 for September, 2022", "2"
"141", "1", "0.00012", "1", "141", "70891", "70891", "09", "2022", "1", "Cashback earnings earning from level 1, from user ID 141 and nodeId 70891 to nodeId 70891 and to userId 141 for September, 2022", "2"
"8", "1", "0.00079", "11", "141", "70892", "297", "09", "2022", "1", "Cashback earnings earning from level 11, from user ID 141 and nodeId 70892 to nodeId 297 and to userId 8 for September, 2022", "2"
"8", "1", "0.00073", "10", "141", "70892", "298", "09", "2022", "1", "Cashback earnings earning from level 10, from user ID 141 and nodeId 70892 to nodeId 298 and to userId 8 for September, 2022", "2"
"8", "1", "0.00061", "8", "141", "70892", "301", "09", "2022", "1", "Cashback earnings earning from level 8, from user ID 141 and nodeId 70892 to nodeId 301 and to userId 8 for September, 2022", "2"
"8", "1", "0.00055", "7", "141", "70892", "306", "09", "2022", "1", "Cashback earnings earning from level 7, from user ID 141 and nodeId 70892 to nodeId 306 and to userId 8 for September, 2022", "2"
"8", "1", "0.00048", "6", "141", "70892", "316", "09", "2022", "1", "Cashback earnings earning from level 6, from user ID 141 and nodeId 70892 to nodeId 316 and to userId 8 for September, 2022", "2"
"8", "1", "0.00036", "4", "141", "70892", "337", "09", "2022", "1", "Cashback earnings earning from level 4, from user ID 141 and nodeId 70892 to nodeId 337 and to userId 8 for September, 2022", "2"
"8", "1", "0.0003", "3", "141", "70892", "378", "09", "2022", "1", "Cashback earnings earning from level 3, from user ID 141 and nodeId 70892 to nodeId 378 and to userId 8 for September, 2022", "2"
"8", "1", "0.00018", "2", "141", "70892", "460", "09", "2022", "1", "Cashback earnings earning from level 2, from user ID 141 and nodeId 70892 to nodeId 460 and to userId 8 for September, 2022", "2"
"141", "1", "0.00012", "1", "141", "70892", "70892", "09", "2022", "1", "Cashback earnings earning from level 1, from user ID 141 and nodeId 70892 to nodeId 70892 and to userId 141 for September, 2022", "2"
"8", "1", "0.00079", "11", "141", "70893", "297", "09", "2022", "1", "Cashback earnings earning from level 11, from user ID 141 and nodeId 70893 to nodeId 297 and to userId 8 for September, 2022", "2"
"8", "1", "0.00073", "10", "141", "70893", "298", "09", "2022", "1", "Cashback earnings earning from level 10, from user ID 141 and nodeId 70893 to nodeId 298 and to userId 8 for September, 2022", "2"
"8", "1", "0.00061", "8", "141", "70893", "301", "09", "2022", "1", "Cashback earnings earning from level 8, from user ID 141 and nodeId 70893 to nodeId 301 and to userId 8 for September, 2022", "2"
"8", "1", "0.00055", "7", "141", "70893", "306", "09", "2022", "1", "Cashback earnings earning from level 7, from user ID 141 and nodeId 70893 to nodeId 306 and to userId 8 for September, 2022", "2"
"8", "1", "0.00042", "5", "141", "70893", "317", "09", "2022", "1", "Cashback earnings earning from level 5, from user ID 141 and nodeId 70893 to nodeId 317 and to userId 8 for September, 2022", "2"
"8", "1", "0.00036", "4", "141", "70893", "338", "09", "2022", "1", "Cashback earnings earning from level 4, from user ID 141 and nodeId 70893 to nodeId 338 and to userId 8 for September, 2022", "2"
"8", "1", "0.0003", "3", "141", "70893", "380", "09", "2022", "1", "Cashback earnings earning from level 3, from user ID 141 and nodeId 70893 to nodeId 380 and to userId 8 for September, 2022", "2"
"8", "1", "0.00018", "2", "141", "70893", "464", "09", "2022", "1", "Cashback earnings earning from level 2, from user ID 141 and nodeId 70893 to nodeId 464 and to userId 8 for September, 2022", "2"
"141", "1", "0.00012", "1", "141", "70893", "70893", "09", "2022", "1", "Cashback earnings earning from level 1, from user ID 141 and nodeId 70893 to nodeId 70893 and to userId 141 for September, 2022", "2"
"8", "1", "0.00079", "11", "141", "70894", "297", "09", "2022", "1", "Cashback earnings earning from level 11, from user ID 141 and nodeId 70894 to nodeId 297 and to userId 8 for September, 2022", "2"
"8", "1", "0.00073", "10", "141", "70894", "298", "09", "2022", "1", "Cashback earnings earning from level 10, from user ID 141 and nodeId 70894 to nodeId 298 and to userId 8 for September, 2022", "2"
"8", "1", "0.00061", "8", "141", "70894", "301", "09", "2022", "1", "Cashback earnings earning from level 8, from user ID 141 and nodeId 70894 to nodeId 301 and to userId 8 for September, 2022", "2"
"8", "1", "0.00048", "6", "141", "70894", "307", "09", "2022", "1", "Cashback earnings earning from level 6, from user ID 141 and nodeId 70894 to nodeId 307 and to userId 8 for September, 2022", "2"
"8", "1", "0.00042", "5", "141", "70894", "318", "09", "2022", "1", "Cashback earnings earning from level 5, from user ID 141 and nodeId 70894 to nodeId 318 and to userId 8 for September, 2022", "2"
"8", "1", "0.00036", "4", "141", "70894", "340", "09", "2022", "1", "Cashback earnings earning from level 4, from user ID 141 and nodeId 70894 to nodeId 340 and to userId 8 for September, 2022", "2"
"8", "1", "0.0003", "3", "141", "70894", "384", "09", "2022", "1", "Cashback earnings earning from level 3, from user ID 141 and nodeId 70894 to nodeId 384 and to userId 8 for September, 2022", "2"
"8", "1", "0.00018", "2", "141", "70894", "472", "09", "2022", "1", "Cashback earnings earning from level 2, from user ID 141 and nodeId 70894 to nodeId 472 and to userId 8 for September, 2022", "2"
"141", "1", "0.00012", "1", "141", "70894", "70894", "09", "2022", "1", "Cashback earnings earning from level 1, from user ID 141 and nodeId 70894 to nodeId 70894 and to userId 141 for September, 2022", "2"
"8", "1", "0.00079", "11", "141", "70895", "297", "09", "2022", "1", "Cashback earnings earning from level 11, from user ID 141 and nodeId 70895 to nodeId 297 and to userId 8 for September, 2022", "2"
"8", "1", "0.00067", "9", "141", "70895", "299", "09", "2022", "1", "Cashback earnings earning from level 9, from user ID 141 and nodeId 70895 to nodeId 299 and to userId 8 for September, 2022", "2"
"8", "1", "0.00061", "8", "141", "70895", "302", "09", "2022", "1", "Cashback earnings earning from level 8, from user ID 141 and nodeId 70895 to nodeId 302 and to userId 8 for September, 2022", "2"
"8", "1", "0.00055", "7", "141", "70895", "308", "09", "2022", "1", "Cashback earnings earning from level 7, from user ID 141 and nodeId 70895 to nodeId 308 and to userId 8 for September, 2022", "2"
"8", "1", "0.00048", "6", "141", "70895", "320", "09", "2022", "1", "Cashback earnings earning from level 6, from user ID 141 and nodeId 70895 to nodeId 320 and to userId 8 for September, 2022", "2"
"8", "1", "0.00042", "5", "141", "70895", "344", "09", "2022", "1", "Cashback earnings earning from level 5, from user ID 141 and nodeId 70895 to nodeId 344 and to userId 8 for September, 2022", "2"
"8", "1", "0.00036", "4", "141", "70895", "392", "09", "2022", "1", "Cashback earnings earning from level 4, from user ID 141 and nodeId 70895 to nodeId 392 and to userId 8 for September, 2022", "2"
"8", "1", "0.0003", "3", "141", "70895", "488", "09", "2022", "1", "Cashback earnings earning from level 3, from user ID 141 and nodeId 70895 to nodeId 488 and to userId 8 for September, 2022", "2"
"141", "1", "0.00012", "1", "141", "70895", "70895", "09", "2022", "1", "Cashback earnings earning from level 1, from user ID 141 and nodeId 70895 to nodeId 70895 and to userId 141 for September, 2022", "2"
"8", "1", "0.00079", "11", "141", "70896", "297", "09", "2022", "1", "Cashback earnings earning from level 11, from user ID 141 and nodeId 70896 to nodeId 297 and to userId 8 for September, 2022", "2"
"8", "1", "0.00067", "9", "141", "70896", "299", "09", "2022", "1", "Cashback earnings earning from level 9, from user ID 141 and nodeId 70896 to nodeId 299 and to userId 8 for September, 2022", "2"
"8", "1", "0.00061", "8", "141", "70896", "302", "09", "2022", "1", "Cashback earnings earning from level 8, from user ID 141 and nodeId 70896 to nodeId 302 and to userId 8 for September, 2022", "2"
"8", "1", "0.00055", "7", "141", "70896", "308", "09", "2022", "1", "Cashback earnings earning from level 7, from user ID 141 and nodeId 70896 to nodeId 308 and to userId 8 for September, 2022", "2"
"8", "1", "0.00048", "6", "141", "70896", "320", "09", "2022", "1", "Cashback earnings earning from level 6, from user ID 141 and nodeId 70896 to nodeId 320 and to userId 8 for September, 2022", "2"
"8", "1", "0.00042", "5", "141", "70896", "344", "09", "2022", "1", "Cashback earnings earning from level 5, from user ID 141 and nodeId 70896 to nodeId 344 and to userId 8 for September, 2022", "2"
"8", "1", "0.00036", "4", "141", "70896", "392", "09", "2022", "1", "Cashback earnings earning from level 4, from user ID 141 and nodeId 70896 to nodeId 392 and to userId 8 for September, 2022", "2"
"8", "1", "0.00018", "2", "141", "70896", "489", "09", "2022", "1", "Cashback earnings earning from level 2, from user ID 141 and nodeId 70896 to nodeId 489 and to userId 8 for September, 2022", "2"
"141", "1", "0.00012", "1", "141", "70896", "70896", "09", "2022", "1", "Cashback earnings earning from level 1, from user ID 141 and nodeId 70896 to nodeId 70896 and to userId 141 for September, 2022", "2"
"8", "1", "0.00079", "11", "141", "70897", "297", "09", "2022", "1", "Cashback earnings earning from level 11, from user ID 141 and nodeId 70897 to nodeId 297 and to userId 8 for September, 2022", "2"
"8", "1", "0.00067", "9", "141", "70897", "299", "09", "2022", "1", "Cashback earnings earning from level 9, from user ID 141 and nodeId 70897 to nodeId 299 and to userId 8 for September, 2022", "2"
"8", "1", "0.00061", "8", "141", "70897", "302", "09", "2022", "1", "Cashback earnings earning from level 8, from user ID 141 and nodeId 70897 to nodeId 302 and to userId 8 for September, 2022", "2"
"8", "1", "0.00055", "7", "141", "70897", "308", "09", "2022", "1", "Cashback earnings earning from level 7, from user ID 141 and nodeId 70897 to nodeId 308 and to userId 8 for September, 2022", "2"
"8", "1", "0.00048", "6", "141", "70897", "320", "09", "2022", "1", "Cashback earnings earning from level 6, from user ID 141 and nodeId 70897 to nodeId 320 and to userId 8 for September, 2022", "2"
"8", "1", "0.00042", "5", "141", "70897", "344", "09", "2022", "1", "Cashback earnings earning from level 5, from user ID 141 and nodeId 70897 to nodeId 344 and to userId 8 for September, 2022", "2"
"8", "1", "0.0003", "3", "141", "70897", "393", "09", "2022", "1", "Cashback earnings earning from level 3, from user ID 141 and nodeId 70897 to nodeId 393 and to userId 8 for September, 2022", "2"
"8", "1", "0.00018", "2", "141", "70897", "490", "09", "2022", "1", "Cashback earnings earning from level 2, from user ID 141 and nodeId 70897 to nodeId 490 and to userId 8 for September, 2022", "2"
"141", "1", "0.00012", "1", "141", "70897", "70897", "09", "2022", "1", "Cashback earnings earning from level 1, from user ID 141 and nodeId 70897 to nodeId 70897 and to userId 141 for September, 2022", "2"
"8", "1", "0.00079", "11", "141", "70898", "297", "09", "2022", "1", "Cashback earnings earning from level 11, from user ID 141 and nodeId 70898 to nodeId 297 and to userId 8 for September, 2022", "2"
"8", "1", "0.00067", "9", "141", "70898", "299", "09", "2022", "1", "Cashback earnings earning from level 9, from user ID 141 and nodeId 70898 to nodeId 299 and to userId 8 for September, 2022", "2"
"8", "1", "0.00061", "8", "141", "70898", "302", "09", "2022", "1", "Cashback earnings earning from level 8, from user ID 141 and nodeId 70898 to nodeId 302 and to userId 8 for September, 2022", "2"
"8", "1", "0.00055", "7", "141", "70898", "308", "09", "2022", "1", "Cashback earnings earning from level 7, from user ID 141 and nodeId 70898 to nodeId 308 and to userId 8 for September, 2022", "2"
"8", "1", "0.00048", "6", "141", "70898", "320", "09", "2022", "1", "Cashback earnings earning from level 6, from user ID 141 and nodeId 70898 to nodeId 320 and to userId 8 for September, 2022", "2"
"8", "1", "0.00036", "4", "141", "70898", "345", "09", "2022", "1", "Cashback earnings earning from level 4, from user ID 141 and nodeId 70898 to nodeId 345 and to userId 8 for September, 2022", "2"
"8", "1", "0.0003", "3", "141", "70898", "394", "09", "2022", "1", "Cashback earnings earning from level 3, from user ID 141 and nodeId 70898 to nodeId 394 and to userId 8 for September, 2022", "2"
"8", "1", "0.00018", "2", "141", "70898", "492", "09", "2022", "1", "Cashback earnings earning from level 2, from user ID 141 and nodeId 70898 to nodeId 492 and to userId 8 for September, 2022", "2"
"141", "1", "0.00012", "1", "141", "70898", "70898", "09", "2022", "1", "Cashback earnings earning from level 1, from user ID 141 and nodeId 70898 to nodeId 70898 and to userId 141 for September, 2022", "2"
"8", "1", "0.00079", "11", "141", "70899", "297", "09", "2022", "1", "Cashback earnings earning from level 11, from user ID 141 and nodeId 70899 to nodeId 297 and to userId 8 for September, 2022", "2"
"8", "1", "0.00067", "9", "141", "70899", "299", "09", "2022", "1", "Cashback earnings earning from level 9, from user ID 141 and nodeId 70899 to nodeId 299 and to userId 8 for September, 2022", "2"
"8", "1", "0.00061", "8", "141", "70899", "302", "09", "2022", "1", "Cashback earnings earning from level 8, from user ID 141 and nodeId 70899 to nodeId 302 and to userId 8 for September, 2022", "2"
"8", "1", "0.00055", "7", "141", "70899", "308", "09", "2022", "1", "Cashback earnings earning from level 7, from user ID 141 and nodeId 70899 to nodeId 308 and to userId 8 for September, 2022", "2"
"8", "1", "0.00042", "5", "141", "70899", "321", "09", "2022", "1", "Cashback earnings earning from level 5, from user ID 141 and nodeId 70899 to nodeId 321 and to userId 8 for September, 2022", "2"
"8", "1", "0.00036", "4", "141", "70899", "346", "09", "2022", "1", "Cashback earnings earning from level 4, from user ID 141 and nodeId 70899 to nodeId 346 and to userId 8 for September, 2022", "2"
"8", "1", "0.0003", "3", "141", "70899", "396", "09", "2022", "1", "Cashback earnings earning from level 3, from user ID 141 and nodeId 70899 to nodeId 396 and to userId 8 for September, 2022", "2"
"8", "1", "0.00018", "2", "141", "70899", "496", "09", "2022", "1", "Cashback earnings earning from level 2, from user ID 141 and nodeId 70899 to nodeId 496 and to userId 8 for September, 2022", "2"
"141", "1", "0.00012", "1", "141", "70899", "70899", "09", "2022", "1", "Cashback earnings earning from level 1, from user ID 141 and nodeId 70899 to nodeId 70899 and to userId 141 for September, 2022", "2"
"8", "1", "0.00079", "11", "141", "70900", "297", "09", "2022", "1", "Cashback earnings earning from level 11, from user ID 141 and nodeId 70900 to nodeId 297 and to userId 8 for September, 2022", "2"
"8", "1", "0.00067", "9", "141", "70900", "299", "09", "2022", "1", "Cashback earnings earning from level 9, from user ID 141 and nodeId 70900 to nodeId 299 and to userId 8 for September, 2022", "2"
"8", "1", "0.00061", "8", "141", "70900", "302", "09", "2022", "1", "Cashback earnings earning from level 8, from user ID 141 and nodeId 70900 to nodeId 302 and to userId 8 for September, 2022", "2"
"8", "1", "0.00048", "6", "141", "70900", "309", "09", "2022", "1", "Cashback earnings earning from level 6, from user ID 141 and nodeId 70900 to nodeId 309 and to userId 8 for September, 2022", "2"
"8", "1", "0.00042", "5", "141", "70900", "322", "09", "2022", "1", "Cashback earnings earning from level 5, from user ID 141 and nodeId 70900 to nodeId 322 and to userId 8 for September, 2022", "2"
"8", "1", "0.00036", "4", "141", "70900", "348", "09", "2022", "1", "Cashback earnings earning from level 4, from user ID 141 and nodeId 70900 to nodeId 348 and to userId 8 for September, 2022", "2"
"8", "1", "0.0003", "3", "141", "70900", "400", "09", "2022", "1", "Cashback earnings earning from level 3, from user ID 141 and nodeId 70900 to nodeId 400 and to userId 8 for September, 2022", "2"
"8", "1", "0.00018", "2", "141", "70900", "504", "09", "2022", "1", "Cashback earnings earning from level 2, from user ID 141 and nodeId 70900 to nodeId 504 and to userId 8 for September, 2022", "2"
"141", "1", "0.00012", "1", "141", "70900", "70900", "09", "2022", "1", "Cashback earnings earning from level 1, from user ID 141 and nodeId 70900 to nodeId 70900 and to userId 141 for September, 2022", "2"
"8", "1", "0.00079", "11", "141", "70901", "297", "09", "2022", "1", "Cashback earnings earning from level 11, from user ID 141 and nodeId 70901 to nodeId 297 and to userId 8 for September, 2022", "2"
"8", "1", "0.00067", "9", "141", "70901", "299", "09", "2022", "1", "Cashback earnings earning from level 9, from user ID 141 and nodeId 70901 to nodeId 299 and to userId 8 for September, 2022", "2"
"8", "1", "0.00055", "7", "141", "70901", "303", "09", "2022", "1", "Cashback earnings earning from level 7, from user ID 141 and nodeId 70901 to nodeId 303 and to userId 8 for September, 2022", "2"
"8", "1", "0.00048", "6", "141", "70901", "310", "09", "2022", "1", "Cashback earnings earning from level 6, from user ID 141 and nodeId 70901 to nodeId 310 and to userId 8 for September, 2022", "2"
"8", "1", "0.00042", "5", "141", "70901", "324", "09", "2022", "1", "Cashback earnings earning from level 5, from user ID 141 and nodeId 70901 to nodeId 324 and to userId 8 for September, 2022", "2"
"8", "1", "0.00036", "4", "141", "70901", "352", "09", "2022", "1", "Cashback earnings earning from level 4, from user ID 141 and nodeId 70901 to nodeId 352 and to userId 8 for September, 2022", "2"
"8", "1", "0.0003", "3", "141", "70901", "408", "09", "2022", "1", "Cashback earnings earning from level 3, from user ID 141 and nodeId 70901 to nodeId 408 and to userId 8 for September, 2022", "2"
"8", "1", "0.00018", "2", "141", "70901", "520", "09", "2022", "1", "Cashback earnings earning from level 2, from user ID 141 and nodeId 70901 to nodeId 520 and to userId 8 for September, 2022", "2"
"141", "1", "0.00012", "1", "141", "70901", "70901", "09", "2022", "1", "Cashback earnings earning from level 1, from user ID 141 and nodeId 70901 to nodeId 70901 and to userId 141 for September, 2022", "2"
"8", "1", "0.00085", "12", "141", "70902", "297", "09", "2022", "1", "Cashback earnings earning from level 12, from user ID 141 and nodeId 70902 to nodeId 297 and to userId 8 for September, 2022", "2"
"8", "1", "0.00079", "11", "141", "70902", "298", "09", "2022", "1", "Cashback earnings earning from level 11, from user ID 141 and nodeId 70902 to nodeId 298 and to userId 8 for September, 2022", "2"
"8", "1", "0.00073", "10", "141", "70902", "300", "09", "2022", "1", "Cashback earnings earning from level 10, from user ID 141 and nodeId 70902 to nodeId 300 and to userId 8 for September, 2022", "2"
"8", "1", "0.00067", "9", "141", "70902", "304", "09", "2022", "1", "Cashback earnings earning from level 9, from user ID 141 and nodeId 70902 to nodeId 304 and to userId 8 for September, 2022", "2"
"8", "1", "0.00061", "8", "141", "70902", "312", "09", "2022", "1", "Cashback earnings earning from level 8, from user ID 141 and nodeId 70902 to nodeId 312 and to userId 8 for September, 2022", "2"
"8", "1", "0.00055", "7", "141", "70902", "328", "09", "2022", "1", "Cashback earnings earning from level 7, from user ID 141 and nodeId 70902 to nodeId 328 and to userId 8 for September, 2022", "2"
"8", "1", "0.00048", "6", "141", "70902", "360", "09", "2022", "1", "Cashback earnings earning from level 6, from user ID 141 and nodeId 70902 to nodeId 360 and to userId 8 for September, 2022", "2"
"8", "1", "0.00042", "5", "141", "70902", "424", "09", "2022", "1", "Cashback earnings earning from level 5, from user ID 141 and nodeId 70902 to nodeId 424 and to userId 8 for September, 2022", "2"
"8", "1", "0.0003", "3", "141", "70902", "553", "09", "2022", "1", "Cashback earnings earning from level 3, from user ID 141 and nodeId 70902 to nodeId 553 and to userId 8 for September, 2022", "2"
"141", "1", "0.00018", "2", "141", "70902", "70882", "09", "2022", "1", "Cashback earnings earning from level 2, from user ID 141 and nodeId 70902 to nodeId 70882 and to userId 141 for September, 2022", "2"
"141", "1", "0.00012", "1", "141", "70902", "70902", "09", "2022", "1", "Cashback earnings earning from level 1, from user ID 141 and nodeId 70902 to nodeId 70902 and to userId 141 for September, 2022", "2"
"8", "1", "0.00085", "12", "141", "70903", "297", "09", "2022", "1", "Cashback earnings earning from level 12, from user ID 141 and nodeId 70903 to nodeId 297 and to userId 8 for September, 2022", "2"
"8", "1", "0.00079", "11", "141", "70903", "298", "09", "2022", "1", "Cashback earnings earning from level 11, from user ID 141 and nodeId 70903 to nodeId 298 and to userId 8 for September, 2022", "2"
"8", "1", "0.00073", "10", "141", "70903", "300", "09", "2022", "1", "Cashback earnings earning from level 10, from user ID 141 and nodeId 70903 to nodeId 300 and to userId 8 for September, 2022", "2"
"8", "1", "0.00067", "9", "141", "70903", "304", "09", "2022", "1", "Cashback earnings earning from level 9, from user ID 141 and nodeId 70903 to nodeId 304 and to userId 8 for September, 2022", "2"
"8", "1", "0.00061", "8", "141", "70903", "312", "09", "2022", "1", "Cashback earnings earning from level 8, from user ID 141 and nodeId 70903 to nodeId 312 and to userId 8 for September, 2022", "2"
"8", "1", "0.00055", "7", "141", "70903", "328", "09", "2022", "1", "Cashback earnings earning from level 7, from user ID 141 and nodeId 70903 to nodeId 328 and to userId 8 for September, 2022", "2"
"8", "1", "0.00048", "6", "141", "70903", "360", "09", "2022", "1", "Cashback earnings earning from level 6, from user ID 141 and nodeId 70903 to nodeId 360 and to userId 8 for September, 2022", "2"
"8", "1", "0.00042", "5", "141", "70903", "424", "09", "2022", "1", "Cashback earnings earning from level 5, from user ID 141 and nodeId 70903 to nodeId 424 and to userId 8 for September, 2022", "2"
"8", "1", "0.0003", "3", "141", "70903", "553", "09", "2022", "1", "Cashback earnings earning from level 3, from user ID 141 and nodeId 70903 to nodeId 553 and to userId 8 for September, 2022", "2"
"141", "1", "0.00012", "1", "141", "70903", "70903", "09", "2022", "1", "Cashback earnings earning from level 1, from user ID 141 and nodeId 70903 to nodeId 70903 and to userId 141 for September, 2022", "2"
"8", "1", "0.00085", "12", "141", "70904", "297", "09", "2022", "1", "Cashback earnings earning from level 12, from user ID 141 and nodeId 70904 to nodeId 297 and to userId 8 for September, 2022", "2"
"8", "1", "0.00079", "11", "141", "70904", "298", "09", "2022", "1", "Cashback earnings earning from level 11, from user ID 141 and nodeId 70904 to nodeId 298 and to userId 8 for September, 2022", "2"
"8", "1", "0.00073", "10", "141", "70904", "300", "09", "2022", "1", "Cashback earnings earning from level 10, from user ID 141 and nodeId 70904 to nodeId 300 and to userId 8 for September, 2022", "2"
"8", "1", "0.00067", "9", "141", "70904", "304", "09", "2022", "1", "Cashback earnings earning from level 9, from user ID 141 and nodeId 70904 to nodeId 304 and to userId 8 for September, 2022", "2"
"8", "1", "0.00061", "8", "141", "70904", "312", "09", "2022", "1", "Cashback earnings earning from level 8, from user ID 141 and nodeId 70904 to nodeId 312 and to userId 8 for September, 2022", "2"
"8", "1", "0.00055", "7", "141", "70904", "328", "09", "2022", "1", "Cashback earnings earning from level 7, from user ID 141 and nodeId 70904 to nodeId 328 and to userId 8 for September, 2022", "2"
"8", "1", "0.00048", "6", "141", "70904", "360", "09", "2022", "1", "Cashback earnings earning from level 6, from user ID 141 and nodeId 70904 to nodeId 360 and to userId 8 for September, 2022", "2"
"8", "1", "0.00036", "4", "141", "70904", "425", "09", "2022", "1", "Cashback earnings earning from level 4, from user ID 141 and nodeId 70904 to nodeId 425 and to userId 8 for September, 2022", "2"
"8", "1", "0.0003", "3", "141", "70904", "554", "09", "2022", "1", "Cashback earnings earning from level 3, from user ID 141 and nodeId 70904 to nodeId 554 and to userId 8 for September, 2022", "2"
"141", "1", "0.00018", "2", "141", "70904", "70883", "09", "2022", "1", "Cashback earnings earning from level 2, from user ID 141 and nodeId 70904 to nodeId 70883 and to userId 141 for September, 2022", "2"
"141", "1", "0.00012", "1", "141", "70904", "70904", "09", "2022", "1", "Cashback earnings earning from level 1, from user ID 141 and nodeId 70904 to nodeId 70904 and to userId 141 for September, 2022", "2"
"8", "1", "0.00085", "12", "141", "70905", "297", "09", "2022", "1", "Cashback earnings earning from level 12, from user ID 141 and nodeId 70905 to nodeId 297 and to userId 8 for September, 2022", "2"
"8", "1", "0.00079", "11", "141", "70905", "298", "09", "2022", "1", "Cashback earnings earning from level 11, from user ID 141 and nodeId 70905 to nodeId 298 and to userId 8 for September, 2022", "2"
"8", "1", "0.00073", "10", "141", "70905", "300", "09", "2022", "1", "Cashback earnings earning from level 10, from user ID 141 and nodeId 70905 to nodeId 300 and to userId 8 for September, 2022", "2"
"8", "1", "0.00067", "9", "141", "70905", "304", "09", "2022", "1", "Cashback earnings earning from level 9, from user ID 141 and nodeId 70905 to nodeId 304 and to userId 8 for September, 2022", "2"
"8", "1", "0.00061", "8", "141", "70905", "312", "09", "2022", "1", "Cashback earnings earning from level 8, from user ID 141 and nodeId 70905 to nodeId 312 and to userId 8 for September, 2022", "2"
"8", "1", "0.00055", "7", "141", "70905", "328", "09", "2022", "1", "Cashback earnings earning from level 7, from user ID 141 and nodeId 70905 to nodeId 328 and to userId 8 for September, 2022", "2"
"8", "1", "0.00048", "6", "141", "70905", "360", "09", "2022", "1", "Cashback earnings earning from level 6, from user ID 141 and nodeId 70905 to nodeId 360 and to userId 8 for September, 2022", "2"
"8", "1", "0.00036", "4", "141", "70905", "425", "09", "2022", "1", "Cashback earnings earning from level 4, from user ID 141 and nodeId 70905 to nodeId 425 and to userId 8 for September, 2022", "2"
"8", "1", "0.0003", "3", "141", "70905", "554", "09", "2022", "1", "Cashback earnings earning from level 3, from user ID 141 and nodeId 70905 to nodeId 554 and to userId 8 for September, 2022", "2"
"141", "1", "0.00012", "1", "141", "70905", "70905", "09", "2022", "1", "Cashback earnings earning from level 1, from user ID 141 and nodeId 70905 to nodeId 70905 and to userId 141 for September, 2022", "2"
"8", "1", "0.00085", "12", "141", "70906", "297", "09", "2022", "1", "Cashback earnings earning from level 12, from user ID 141 and nodeId 70906 to nodeId 297 and to userId 8 for September, 2022", "2"
"8", "1", "0.00079", "11", "141", "70906", "298", "09", "2022", "1", "Cashback earnings earning from level 11, from user ID 141 and nodeId 70906 to nodeId 298 and to userId 8 for September, 2022", "2"
"8", "1", "0.00073", "10", "141", "70906", "300", "09", "2022", "1", "Cashback earnings earning from level 10, from user ID 141 and nodeId 70906 to nodeId 300 and to userId 8 for September, 2022", "2"
"8", "1", "0.00067", "9", "141", "70906", "304", "09", "2022", "1", "Cashback earnings earning from level 9, from user ID 141 and nodeId 70906 to nodeId 304 and to userId 8 for September, 2022", "2"
"8", "1", "0.00061", "8", "141", "70906", "312", "09", "2022", "1", "Cashback earnings earning from level 8, from user ID 141 and nodeId 70906 to nodeId 312 and to userId 8 for September, 2022", "2"
"8", "1", "0.00055", "7", "141", "70906", "328", "09", "2022", "1", "Cashback earnings earning from level 7, from user ID 141 and nodeId 70906 to nodeId 328 and to userId 8 for September, 2022", "2"
"8", "1", "0.00048", "6", "141", "70906", "360", "09", "2022", "1", "Cashback earnings earning from level 6, from user ID 141 and nodeId 70906 to nodeId 360 and to userId 8 for September, 2022", "2"
"8", "1", "0.00036", "4", "141", "70906", "425", "09", "2022", "1", "Cashback earnings earning from level 4, from user ID 141 and nodeId 70906 to nodeId 425 and to userId 8 for September, 2022", "2"
"8", "1", "0.00018", "2", "141", "70906", "555", "09", "2022", "1", "Cashback earnings earning from level 2, from user ID 141 and nodeId 70906 to nodeId 555 and to userId 8 for September, 2022", "2"
"141", "1", "0.00012", "1", "141", "70906", "70906", "09", "2022", "1", "Cashback earnings earning from level 1, from user ID 141 and nodeId 70906 to nodeId 70906 and to userId 141 for September, 2022", "2"
"8", "1", "0.00085", "12", "141", "70907", "297", "09", "2022", "1", "Cashback earnings earning from level 12, from user ID 141 and nodeId 70907 to nodeId 297 and to userId 8 for September, 2022", "2"
"8", "1", "0.00079", "11", "141", "70907", "298", "09", "2022", "1", "Cashback earnings earning from level 11, from user ID 141 and nodeId 70907 to nodeId 298 and to userId 8 for September, 2022", "2"
"8", "1", "0.00073", "10", "141", "70907", "300", "09", "2022", "1", "Cashback earnings earning from level 10, from user ID 141 and nodeId 70907 to nodeId 300 and to userId 8 for September, 2022", "2"
"8", "1", "0.00067", "9", "141", "70907", "304", "09", "2022", "1", "Cashback earnings earning from level 9, from user ID 141 and nodeId 70907 to nodeId 304 and to userId 8 for September, 2022", "2"
"8", "1", "0.00061", "8", "141", "70907", "312", "09", "2022", "1", "Cashback earnings earning from level 8, from user ID 141 and nodeId 70907 to nodeId 312 and to userId 8 for September, 2022", "2"
"8", "1", "0.00055", "7", "141", "70907", "328", "09", "2022", "1", "Cashback earnings earning from level 7, from user ID 141 and nodeId 70907 to nodeId 328 and to userId 8 for September, 2022", "2"
"8", "1", "0.00042", "5", "141", "70907", "361", "09", "2022", "1", "Cashback earnings earning from level 5, from user ID 141 and nodeId 70907 to nodeId 361 and to userId 8 for September, 2022", "2"
"8", "1", "0.00036", "4", "141", "70907", "426", "09", "2022", "1", "Cashback earnings earning from level 4, from user ID 141 and nodeId 70907 to nodeId 426 and to userId 8 for September, 2022", "2"
"8", "1", "0.0003", "3", "141", "70907", "556", "09", "2022", "1", "Cashback earnings earning from level 3, from user ID 141 and nodeId 70907 to nodeId 556 and to userId 8 for September, 2022", "2"
"141", "1", "0.00018", "2", "141", "70907", "70884", "09", "2022", "1", "Cashback earnings earning from level 2, from user ID 141 and nodeId 70907 to nodeId 70884 and to userId 141 for September, 2022", "2"
"141", "1", "0.00012", "1", "141", "70907", "70907", "09", "2022", "1", "Cashback earnings earning from level 1, from user ID 141 and nodeId 70907 to nodeId 70907 and to userId 141 for September, 2022", "2"
"8", "1", "0.00085", "12", "141", "70908", "297", "09", "2022", "1", "Cashback earnings earning from level 12, from user ID 141 and nodeId 70908 to nodeId 297 and to userId 8 for September, 2022", "2"
"8", "1", "0.00079", "11", "141", "70908", "298", "09", "2022", "1", "Cashback earnings earning from level 11, from user ID 141 and nodeId 70908 to nodeId 298 and to userId 8 for September, 2022", "2"
"8", "1", "0.00073", "10", "141", "70908", "300", "09", "2022", "1", "Cashback earnings earning from level 10, from user ID 141 and nodeId 70908 to nodeId 300 and to userId 8 for September, 2022", "2"
"8", "1", "0.00067", "9", "141", "70908", "304", "09", "2022", "1", "Cashback earnings earning from level 9, from user ID 141 and nodeId 70908 to nodeId 304 and to userId 8 for September, 2022", "2"
"8", "1", "0.00061", "8", "141", "70908", "312", "09", "2022", "1", "Cashback earnings earning from level 8, from user ID 141 and nodeId 70908 to nodeId 312 and to userId 8 for September, 2022", "2"
"8", "1", "0.00055", "7", "141", "70908", "328", "09", "2022", "1", "Cashback earnings earning from level 7, from user ID 141 and nodeId 70908 to nodeId 328 and to userId 8 for September, 2022", "2"
"8", "1", "0.00042", "5", "141", "70908", "361", "09", "2022", "1", "Cashback earnings earning from level 5, from user ID 141 and nodeId 70908 to nodeId 361 and to userId 8 for September, 2022", "2"
"8", "1", "0.00036", "4", "141", "70908", "426", "09", "2022", "1", "Cashback earnings earning from level 4, from user ID 141 and nodeId 70908 to nodeId 426 and to userId 8 for September, 2022", "2"
"8", "1", "0.0003", "3", "141", "70908", "556", "09", "2022", "1", "Cashback earnings earning from level 3, from user ID 141 and nodeId 70908 to nodeId 556 and to userId 8 for September, 2022", "2"
"141", "1", "0.00012", "1", "141", "70908", "70908", "09", "2022", "1", "Cashback earnings earning from level 1, from user ID 141 and nodeId 70908 to nodeId 70908 and to userId 141 for September, 2022", "2"
"8", "1", "0.00085", "12", "141", "70909", "297", "09", "2022", "1", "Cashback earnings earning from level 12, from user ID 141 and nodeId 70909 to nodeId 297 and to userId 8 for September, 2022", "2"
"8", "1", "0.00079", "11", "141", "70909", "298", "09", "2022", "1", "Cashback earnings earning from level 11, from user ID 141 and nodeId 70909 to nodeId 298 and to userId 8 for September, 2022", "2"
"8", "1", "0.00073", "10", "141", "70909", "300", "09", "2022", "1", "Cashback earnings earning from level 10, from user ID 141 and nodeId 70909 to nodeId 300 and to userId 8 for September, 2022", "2"
"8", "1", "0.00067", "9", "141", "70909", "304", "09", "2022", "1", "Cashback earnings earning from level 9, from user ID 141 and nodeId 70909 to nodeId 304 and to userId 8 for September, 2022", "2"
"8", "1", "0.00061", "8", "141", "70909", "312", "09", "2022", "1", "Cashback earnings earning from level 8, from user ID 141 and nodeId 70909 to nodeId 312 and to userId 8 for September, 2022", "2"
"8", "1", "0.00055", "7", "141", "70909", "328", "09", "2022", "1", "Cashback earnings earning from level 7, from user ID 141 and nodeId 70909 to nodeId 328 and to userId 8 for September, 2022", "2"
"8", "1", "0.00042", "5", "141", "70909", "361", "09", "2022", "1", "Cashback earnings earning from level 5, from user ID 141 and nodeId 70909 to nodeId 361 and to userId 8 for September, 2022", "2"
"8", "1", "0.00036", "4", "141", "70909", "426", "09", "2022", "1", "Cashback earnings earning from level 4, from user ID 141 and nodeId 70909 to nodeId 426 and to userId 8 for September, 2022", "2"
"8", "1", "0.00018", "2", "141", "70909", "557", "09", "2022", "1", "Cashback earnings earning from level 2, from user ID 141 and nodeId 70909 to nodeId 557 and to userId 8 for September, 2022", "2"
"141", "1", "0.00012", "1", "141", "70909", "70909", "09", "2022", "1", "Cashback earnings earning from level 1, from user ID 141 and nodeId 70909 to nodeId 70909 and to userId 141 for September, 2022", "2"
"8", "1", "0.00085", "12", "141", "70910", "297", "09", "2022", "1", "Cashback earnings earning from level 12, from user ID 141 and nodeId 70910 to nodeId 297 and to userId 8 for September, 2022", "2"
"8", "1", "0.00079", "11", "141", "70910", "298", "09", "2022", "1", "Cashback earnings earning from level 11, from user ID 141 and nodeId 70910 to nodeId 298 and to userId 8 for September, 2022", "2"
"8", "1", "0.00073", "10", "141", "70910", "300", "09", "2022", "1", "Cashback earnings earning from level 10, from user ID 141 and nodeId 70910 to nodeId 300 and to userId 8 for September, 2022", "2"
"8", "1", "0.00067", "9", "141", "70910", "304", "09", "2022", "1", "Cashback earnings earning from level 9, from user ID 141 and nodeId 70910 to nodeId 304 and to userId 8 for September, 2022", "2"
"8", "1", "0.00061", "8", "141", "70910", "312", "09", "2022", "1", "Cashback earnings earning from level 8, from user ID 141 and nodeId 70910 to nodeId 312 and to userId 8 for September, 2022", "2"
"8", "1", "0.00055", "7", "141", "70910", "328", "09", "2022", "1", "Cashback earnings earning from level 7, from user ID 141 and nodeId 70910 to nodeId 328 and to userId 8 for September, 2022", "2"
"8", "1", "0.00042", "5", "141", "70910", "361", "09", "2022", "1", "Cashback earnings earning from level 5, from user ID 141 and nodeId 70910 to nodeId 361 and to userId 8 for September, 2022", "2"
"8", "1", "0.0003", "3", "141", "70910", "427", "09", "2022", "1", "Cashback earnings earning from level 3, from user ID 141 and nodeId 70910 to nodeId 427 and to userId 8 for September, 2022", "2"
"8", "1", "0.00018", "2", "141", "70910", "558", "09", "2022", "1", "Cashback earnings earning from level 2, from user ID 141 and nodeId 70910 to nodeId 558 and to userId 8 for September, 2022", "2"
"141", "1", "0.00012", "1", "141", "70910", "70910", "09", "2022", "1", "Cashback earnings earning from level 1, from user ID 141 and nodeId 70910 to nodeId 70910 and to userId 141 for September, 2022", "2"
"8", "1", "0.00085", "12", "141", "70911", "297", "09", "2022", "1", "Cashback earnings earning from level 12, from user ID 141 and nodeId 70911 to nodeId 297 and to userId 8 for September, 2022", "2"
"8", "1", "0.00079", "11", "141", "70911", "298", "09", "2022", "1", "Cashback earnings earning from level 11, from user ID 141 and nodeId 70911 to nodeId 298 and to userId 8 for September, 2022", "2"
"8", "1", "0.00073", "10", "141", "70911", "300", "09", "2022", "1", "Cashback earnings earning from level 10, from user ID 141 and nodeId 70911 to nodeId 300 and to userId 8 for September, 2022", "2"
"8", "1", "0.00067", "9", "141", "70911", "304", "09", "2022", "1", "Cashback earnings earning from level 9, from user ID 141 and nodeId 70911 to nodeId 304 and to userId 8 for September, 2022", "2"
"8", "1", "0.00061", "8", "141", "70911", "312", "09", "2022", "1", "Cashback earnings earning from level 8, from user ID 141 and nodeId 70911 to nodeId 312 and to userId 8 for September, 2022", "2"
"8", "1", "0.00048", "6", "141", "70911", "329", "09", "2022", "1", "Cashback earnings earning from level 6, from user ID 141 and nodeId 70911 to nodeId 329 and to userId 8 for September, 2022", "2"
"8", "1", "0.00042", "5", "141", "70911", "362", "09", "2022", "1", "Cashback earnings earning from level 5, from user ID 141 and nodeId 70911 to nodeId 362 and to userId 8 for September, 2022", "2"
"8", "1", "0.00036", "4", "141", "70911", "428", "09", "2022", "1", "Cashback earnings earning from level 4, from user ID 141 and nodeId 70911 to nodeId 428 and to userId 8 for September, 2022", "2"
"8", "1", "0.0003", "3", "141", "70911", "560", "09", "2022", "1", "Cashback earnings earning from level 3, from user ID 141 and nodeId 70911 to nodeId 560 and to userId 8 for September, 2022", "2"
"141", "1", "0.00018", "2", "141", "70911", "70885", "09", "2022", "1", "Cashback earnings earning from level 2, from user ID 141 and nodeId 70911 to nodeId 70885 and to userId 141 for September, 2022", "2"
"141", "1", "0.00012", "1", "141", "70911", "70911", "09", "2022", "1", "Cashback earnings earning from level 1, from user ID 141 and nodeId 70911 to nodeId 70911 and to userId 141 for September, 2022", "2"
